{
  "$schema": "http://json-schema.org/draft-07/schema#",
  "$id": "https://delta.com/configuration/api.schema.jsonc",
  "type": "object",
  "properties": {
  "url": { "type": "string", "pattern": "^(http|https)://[a-zA-Z0-9-\\.]+\\.[a-zA-Z]{2,5}(/[a-zA-Z0-9-._~:/?#[\\]@!$&'()*+,;=]*)?$"},
    "httpMethod": {
      "type": "string",
      "enum": [
        "GET",
        "POST",
        "PUT",
        "DELETE"
      ]
    },
    "contentType": {
    "type": "string",
      "enum": [
      "application/json",
      "application/x-www-form-urlencoded"
    ]
  },
  "headers": {
    "type": "array",
      "items": {
        "type": "object",
        "title": "Headers",
        "properties": {
          "key": {
            "type": "string"
          },
          "value": {
            "type": "string"
          }
        }
      }
  },
  "data": {
    "type": "string"
  },
  "pathParams": {
    "type": "array",
      "items": {
        "type": "object",
        "title": "Headers",
        "properties": {
          "key": {
            "type": "string"
          },
          "value": {
            "type": "string"
          }
        }
    }
  },
  "queryParams": {
    "type": "array",
      "items": {
        "type": "object",
        "title": "Headers",
        "properties": {
          "key": {
            "type": "string"
          },
          "value": {
            "type": "string"
          }
        }
    }
  }
},
  "required": [ "url", "httpMethod" ]
}
