{
  "$schema": "http://json-schema.org/draft-07/schema#",
  "$id": "https://delta.com/configuration/dynamodb.target.schema.jsonc",
  "type": "object",
  "required": [
    "tableName",
    "operationType"
  ],
  "if": {
    "properties": {
      "operationType": {
        "const": "create"
      }
    }
  },
  "then": {
    "required": [
      "create"
    ]
  },
  "else": {
    "if": {
      "properties": {
        "operationType": {
          "const": "update"
        }
      }
    },
    "then": {
      "required": [
        "update"
      ]
    },
    "else": {
      "if": {
        "properties": {
          "operationType": {
            "const": "delete"
          }
        }
      },
      "then": {
        "required": [
          "delete"
        ]
      },
      "else": {
        "if": {
          "properties": {
            "operationType": {
              "const": "createBatch"
            }
          }
        },
        "then": {
          "required": [
            "createBatch"
          ]
        }
      }
    }
  },
  "properties": {
    "tableName": {
      "type": "string"
    },
    "operationType": {
      "type": "string",
      "enum": [
        "create",
        "delete",
        "update",
        "createBatch"
      ]
    },
    "create": {
      "type": "object",
      "required": [
        "itemList"
      ],
      "properties": {
        "itemList": {
          "type": "array",
          "items": {
            "type": "object",
            "title": "Items",
            "properties": {
              "key": {
                "type": "string"
              },
              "value": {
                "type": "string"
              }
            }
          }
        }
      }
    },
    "createBatch": {
      "type": "object",
      "required": [
        "itemList"
      ],
      "properties": {
        "itemList": {
          "type": "array",
          "items": {
            "type": "object",
            "title": "Items",
            "properties": {
              "key": {
                "type": "string"
              },
              "value": {
                "type": "string"
              }
            }
          }
        }
      }
    },
    "update": {
      "type": "object",
      "required": [
        "itemList"
      ],
      "properties": {
        "itemList": {
          "type": "array",
          "items": {
            "type": "object",
            "title": "Items",
            "properties": {
              "key": {
                "type": "string"
              },
              "value": {
                "type": "string"
              }
            }
          }
        }
      }
    },
    "delete": {
      "type": "object",
      "required": [
        "itemList"
      ],
      "properties": {
        "itemList": {
          "type": "array",
          "items": {
            "type": "object",
            "title": "Items",
            "properties": {
              "key": {
                "type": "string"
              },
              "value": {
                "type": "string"
              }
            }
          }
        }
      }
    }
  }
}
