{
  "$schema": "http://json-schema.org/draft-07/schema#",
  "$id": "https://delta.com/configuration/dynamodb.source.schema.jsonc",
  "type": "object",
  "properties": {
    "tableName": { "type": "string" },
    "operationType": {
      "type": "string",
      "enum": ["query", "scan"]
    },
    "query": {
      "type": "object",
      "properties": {
        "keyConditionExpression": {"type": "string"},
        "expressionAttributeNames": { "type": "string" },
        "expressionAttributeValues": { "type": "string" }
      },
      "required": ["keyConditionExpression", "expressionAttributeNames", "expressionAttributeValues"]
    },
    "scan": {
      "type": "object",
      "properties": {
        "filterExpression": {"type": "string"},
        "expressionAttributeNames": { "type": "string" },
        "expressionAttributeValues": { "type": "string" }
      },
      "required": ["filterExpression", "expressionAttributeNames", "expressionAttributeValues"]
    }
  },
  "required": ["tableName", "operationType"],
  "if": {
    "properties": { "operationType": { "const": "scan" } }
  },
  "then": { "required": ["scan"] },
  "else": {
    "if": {
      "properties": { "operationType": { "const": "query" } }
    },
    "then": { "required": ["query"] }
  }
}
