{
  "$schema": "http://json-schema.org/draft-07/schema#",
  "$id": "https://delta.com/configuration/eventBridge.target.schema.jsonc",
  "type": "object",
  "properties": {
    "operationType": {
      "type": "string",
      "enum": ["createTarget", "addRule", "sendEvent"]
    },
    "createTarget": {
      "type": "object",
      "properties": {
        "ruleName": { "type": "string" },
        "targetID": { "type": "string" },
        "arn": { "type": "string" }
      },
      "required": ["ruleName", "targetID", "arn"]
    },
    "addRule": {
      "type": "object",
      "properties": {
        "ruleName": { "type": "string" },
        "eventPattern": {
          "type": "object",
          "properties": {
            "source": { "type": "string" },
            "detail": {
              "type": "object",
              "properties": {
                "eventSource": {
                  "type": "array",
                  "items": { "type": "string" }
                },
                "eventName": {
                  "type": "array",
                  "items": { "type": "string" }
                }
              },
              "required": ["eventSource", "eventName"]
            }
          },
          "required": ["source", "detail"]
        }
      },
      "required": ["ruleName", "eventPattern"]
    },
    "sendEvent": {
      "type": "object",
      "properties": {
        "eventBusName": { "type": "string" },
        "events": {
          "type": "object",
          "properties": {
            "source": { "type": "string" },
            "detailType": { "type": "string" },
            "detail": {
              "type": "array",
              "items": {
                "type": "object",
                "title": "Items",
                "properties": {
                  "key": {
                    "type": "string"
                  },
                  "value": {
                    "type": "string"
                  }
                }
              }
            }
          },
          "required": ["source", "detailType", "detail"]
        }
      },
      "required": ["eventBusName", "events"]
    }
  },
  "required": [ "operationType"],
  "if": {
    "properties": { "operationType": { "const": "createTarget" } }
  },
  "then": { "required": ["createTarget"] },
  "else": {
    "if": { "properties": { "operationType": { "const": "addRule" } } },
    "then": { "required": ["addRule"] },
    "else": { "required": ["sendEvent"] }
  }
}
