{
  "$schema": "http://json-schema.org/draft-07/schema#",
  "$id": "https://delta.com/configuration/bucket.schema.jsonc",
  "type": "object",
  "properties": {
    "operationType": {
      "type": "string",
      "enum": [
        "arn",
        "bucketName"
      ]
    },
    "arn": { "type": "string", "pattern": "^arn:aws:s3:::\\S+$"},
    "queryS3Uri": { "type": "string"},
    "bucketName": { "type": "string"},
    "s3Key": { "type": "string"},
    "actionType": { "type": "string", "enum": ["Upload", "Get"]},
    "value": { "type": "string"}
  },
  "if": {
    "properties": {
      "operationType": {
        "const": "arn"
      }
    }
  },
  "then": {
    "required": ["arn"]
  },
  "else": {
    "required": [
      "bucketName",
      "s3Key"
    ]
  },
  "required": ["operationType"]
}
