{
  "$schema": "http://json-schema.org/draft-07/schema#",
  "$id": "https://delta.com/configuration/sqs..schema.jsonc",
  "type": "object",
  "properties": {
    "operationType": {
      "type": "string",
      "enum": ["send", "receive"]
    },
    "queueURL": { "type": "string" },
    "maxNumberOfMessages": { "type": "number" },
    "visibilityTimeout": { "type": "number" },
    "waitTimeSeconds": { "type": "number" }
  },
  "required": [ "queueURL", "maxNumberOfMessages", "visibilityTimeout", "waitTimeSeconds" ]
}
