{
  "type": "Group",
  "elements": [
    {
      "type": "HorizontalLayout",
      "elements": [
        {
          "type": "Control",
          "scope": "#/properties/url"
        },
        {
          "type": "Control",
          "scope": "#/properties/httpMethod"
        },
        {
          "type": "Control",
          "scope": "#/properties/contentType"
        }
      ]
    },
    {
      "type": "VerticalLayout",
      "elements": [
        {
          "type": "Control",
          "scope": "#/properties/headers",
          "label": "Headers"
        },
        {
          "type": "Control",
          "scope": "#/properties/pathParams",
          "label": "Path Parameters"
        },
        {
          "type": "Control",
          "scope": "#/properties/queryParams",
          "label": "Query Parameters"
        }
      ]
    },
    {
      "type": "Control",
      "scope": "#/properties/data"
    }
  ],
  "label": "API"
}
