{
  "type": "Group",
  "elements": [
    {
      "type": "HorizontalLayout",
      "elements": [
        {
          "type": "Control",
          "scope": "#/properties/tableName"
        },
        {
          "type": "Control",
          "scope": "#/properties/operationType"
        }
      ]
    },
    {
      "type": "Group",
      "elements": [
        {
          "type": "Control",
          "scope": "#/properties/create/properties/itemList",
          "label": "Create Items",
          "rule": {
            "effect": "SHOW",
            "condition": {
              "type": "LEAF",
              "scope": "#/properties/operationType",
              "expectedValue": "create"
            }
          }
        },
        {
          "type": "Control",
          "scope": "#/properties/update/properties/itemList",
          "label": "Update Items",
          "rule": {
            "effect": "SHOW",
            "condition": {
              "type": "LEAF",
              "scope": "#/properties/operationType",
              "expectedValue": "update"
            }
          }
        },
        {
          "type": "Control",
          "scope": "#/properties/delete/properties/itemList",
          "rule": {
            "effect": "SHOW",
            "condition": {
              "type": "LEAF",
              "scope": "#/properties/operationType",
              "expectedValue": "delete"
            }
          }
        }
      ]
    }
  ]
}
