{
  "type": "Group",
  "elements": [
    {
      "type": "HorizontalLayout",
      "elements": [
        {
          "type": "Control",
          "scope": "#/properties/tableName"
        },
        {
          "type": "Control",
          "scope": "#/properties/operationType"
        }
      ]
    },
    {
      "type": "HorizontalLayout",
      "elements": [
        {
          "type": "Control",
          "scope": "#/properties/query/properties/keyConditionExpression"
        },
        {
          "type": "Control",
          "scope": "#/properties/query/properties/expressionAttributeNames"
        },
        {
          "type": "Control",
          "scope": "#/properties/query/properties/expressionAttributeValues"
        }
      ],
      "rule": {
        "effect": "SHOW",
        "condition": {
          "type": "LEAF",
          "scope": "#/properties/operationType",
          "expectedValue": "query"
        }
      }
    },
    {
      "type": "HorizontalLayout",
      "elements": [
        {
          "type": "Control",
          "scope": "#/properties/scan/properties/filterExpression"
        },
        {
          "type": "Control",
          "scope": "#/properties/scan/properties/expressionAttributeNames"
        },
        {
          "type": "Control",
          "scope": "#/properties/scan/properties/expressionAttributeValues"
        }
      ],
      "rule": {
        "effect": "SHOW",
        "condition": {
          "type": "LEAF",
          "scope": "#/properties/operationType",
          "expectedValue": "scan"
        }
      }
    }
  ],
  "label": "Dynamo DB Source"
}
