{
  "type": "Group",
  "elements": [
    {
      "type": "HorizontalLayout",
      "elements": [
        {
          "type": "Control",
          "scope": "#/properties/operationType"
        }
      ]
    },
    {
      "type": "Group",
      "elements": [
        {
          "type": "HorizontalLayout",
          "elements": [
            {
              "type": "Control",
              "scope": "#/properties/createTarget/properties/ruleName"
            },
            {
              "type": "Control",
              "scope": "#/properties/createTarget/properties/targetID"
            }
          ]
        },
        {
          "type": "Control",
          "scope": "#/properties/createTarget/properties/arn"
        }
      ],
      "label": "Create Target",
      "rule": {
        "effect": "SHOW",
        "condition": {
          "type": "LEAF",
          "scope": "#/properties/operationType",
          "expectedValue": "createTarget"
        }
      }
    },
    {
      "type": "Group",
      "elements": [
        {
          "type": "HorizontalLayout",
          "elements": [
            {
              "type": "Control",
              "scope": "#/properties/addRule/properties/ruleName"
            },
            {
              "type": "Control",
              "scope": "#/properties/addRule/properties/eventPattern/properties/source"
            }
          ]
        },
        {
          "type": "VerticalLayout",
          "elements": [
            {
              "type": "Control",
              "scope": "#/properties/addRule/properties/eventPattern/properties/detail/properties/eventSource"
            },
            {
              "type": "Control",
              "scope": "#/properties/addRule/properties/eventPattern/properties/detail/properties/eventName"
            }
          ]
        }
      ],
      "label": "Add Rule",
      "rule": {
        "effect": "SHOW",
        "condition": {
          "type": "LEAF",
          "scope": "#/properties/operationType",
          "expectedValue": "addRule"
        }
      }
    },
    {
      "type": "Group",
      "elements": [
        {
          "type": "VerticalLayout",
          "elements": [
            {
              "type": "Control",
              "scope": "#/properties/sendEvent/properties/eventBusName"
            }
          ]
        },
        {
          "type": "HorizontalLayout",
          "elements": [
            {
              "type": "Control",
              "scope": "#/properties/sendEvent/properties/events/properties/source"
            },
            {
              "type": "Control",
              "scope": "#/properties/sendEvent/properties/events/properties/detailType"
            }
          ]
        },
        {
          "type": "Control",
          "scope": "#/properties/sendEvent/properties/events/properties/detail"
        }
      ],
      "label": "Send Event",
      "rule": {
        "effect": "SHOW",
        "condition": {
          "type": "LEAF",
          "scope": "#/properties/operationType",
          "expectedValue": "sendEvent"
        }
      }
    }
  ],
  "label": "Event Bridge Target"
}
