{
  "type": "Group",
  "elements": [
    {
      "type": "HorizontalLayout",
      "elements": [
        {
          "type": "Control",
          "scope": "#/properties/eventBusName"
        },
        {
          "type": "Control",
          "scope": "#/properties/detailType"
        },
        {
          "type": "Control",
          "scope": "#/properties/source"
        }
      ]
    },
    {
      "type": "Control",
      "scope": "#/properties/details"
    }
  ],
  "label": "Event Bridge Source"
}
