{
  "type": "Group",
  "elements": [
    {
      "type": "VerticalLayout",
      "elements": [
        {
          "type": "Control",
          "scope": "#/properties/operationType"
        },
        {
          "type": "HorizontalLayout",
          "elements": [
            {
              "type": "Control",
              "scope": "#/properties/arn"
            }
          ],
          "rule": {
            "effect": "SHOW",
            "condition": {
              "type": "LEAF",
              "scope": "#/properties/operationType",
              "expectedValue": "arn"
            }
          }
        },
        {
          "type": "HorizontalLayout",
          "elements": [
            {
              "type": "Control",
              "scope": "#/properties/bucketName"
            },
            {
              "type": "Control",
              "scope": "#/properties/s3Key"
            }
          ],
          "rule": {
            "effect": "SHOW",
            "condition": {
              "type": "LEAF",
              "scope": "#/properties/operationType",
              "expectedValue": "bucketName"
            }
          }
        }
      ]
    },
    {
      "type": "HorizontalLayout",
      "elements": [
        {
          "type": "Control",
          "scope": "#/properties/queryS3Uri",
          "label": "Query S3 URI"
        },
        {
          "type": "Control",
          "scope": "#/properties/actionType"
        },
        {
          "type": "Control",
          "scope": "#/properties/value"
        }
      ]
    }
  ],
  "label": "S3"
}
