{
  "type": "Group",
  "elements": [
    {
      "type": "HorizontalLayout",
      "elements": [
        {
          "type": "Control",
          "scope": "#/properties/operationType"
        },
        {
          "type": "Control",
          "scope": "#/properties/queueURL"
        }
      ]
    },
    {
      "type": "HorizontalLayout",
      "elements": [
        {
          "type": "Control",
          "scope": "#/properties/maxNumberOfMessages"
        },
        {
          "type": "Control",
          "scope": "#/properties/waitTimeSeconds"
        },
        {
          "type": "Control",
          "scope": "#/properties/maxNumberOfMessages"
        }
      ]
    }
  ],
  "label": "SQS"
}
